{
    "loss": 0.5277134776115417,
    "accuracy": 0.8879310488700867
}