{
    "loss": 1.5628395080566406,
    "accuracy": 0.8534482717514038
}